{"cameraMode":{"drawMode":0,"name":"Shaded","section":"Shading Mode"},"sceneLighting":false,"audioPlay":false,"sceneViewState":{"showFog":true,"showMaterialUpdate":false,"showSkybox":false,"showFlares":true,"showImageEffects":true,"showParticleSystems":true},"in2DMode":false,"pivot":{"x":-14.945889472961426,"y":1.4670881032943726,"z":0.251434326171875},"rotation":{"x":-0.07343804836273194,"y":-0.014953025616705418,"z":0.0010429619578644634,"w":-0.9972242712974548},"size":2.666025161743164,"orthographic":false}