{"cameraMode":{"drawMode":0,"name":"Shaded","section":"Shading Mode"},"sceneLighting":true,"audioPlay":false,"sceneViewState":{"showFog":true,"showMaterialUpdate":false,"showSkybox":true,"showFlares":true,"showImageEffects":true,"showParticleSystems":true},"in2DMode":false,"pivot":{"x":-5.9407196044921879,"y":-2.122647285461426,"z":111.00282287597656},"rotation":{"x":-0.08158600330352783,"y":0.2718474864959717,"z":-0.02317233756184578,"w":-0.9586551785469055},"size":16.417009353637697,"orthographic":false}